Species,Country,County,Site ID,Site,Master site,StartGrid,EndGrid,Start date,End date,Times,Method,Unit,Wind,Rain,Visibility,Sea,Count,Accuracy,Estimate type,Comments
Kittiwake,England,Northumberland,89250,Farne Islands,Farne Islands SPA,NU23793786,,01/06/2019,21/06/2019,00:00 - 00:00,1.2,AON,0,1,1,1,4402,C,,
Kittiwake,England,Northumberland,89250,Farne Islands,Farne Islands SPA,NU23793786,,01/01/1987,31/12/1987,,1.2,AON,,,,,5915,C,,
Kittiwake,England,Northumberland,89250,Farne Islands,Farne Islands SPA,NU23793786,,01/01/1989,31/12/1989,,,AON,,,,,6148,C,,
Kittiwake,England,Northumberland,89250,Farne Islands,Farne Islands SPA,NU23793786,,01/01/1991,31/12/1991,,,AON,,,,,5743,C,,
Kittiwake,England,Northumberland,89250,Farne Islands,Farne Islands SPA,NU23793786,,01/01/1993,31/12/1993,,,AON,,,,,5889,C,,
Kittiwake,England,Northumberland,89250,Farne Islands,Farne Islands SPA,NU23793786,,01/01/1995,31/12/1995,,,AON,,,,,6313,C,,
Kittiwake,England,Northumberland,89250,Farne Islands,Farne Islands SPA,NU23793786,,01/01/1997,31/12/1997,,,AON,,,,,6119,C,,
Kittiwake,England,Northumberland,89250,Farne Islands,Farne Islands SPA,NU23793786,,01/01/1998,31/12/1998,,,AON,,,,,5009,C,,
Kittiwake,England,Northumberland,89250,Farne Islands,Farne Islands SPA,NU23793786,,01/01/1999,31/12/1999,,,AON,,,,,5492,C,,
Kittiwake,England,Northumberland,89250,Farne Islands,Farne Islands SPA,NU23793786,,01/01/2000,31/12/2000,,,AON,,,,,5125,C,,
Kittiwake,England,Northumberland,89250,Farne Islands,Farne Islands SPA,NU23793786,,01/01/2001,31/12/2001,,,AON,,,,,5781,C,,
Kittiwake,England,Northumberland,89250,Farne Islands,Farne Islands SPA,NU23793786,,01/01/2002,31/12/2002,,,AON,,,,,5055,C,,
Kittiwake,England,Northumberland,89250,Farne Islands,Farne Islands SPA,NU23793786,,01/01/2003,31/12/2003,,,AON,,,,,5192,C,,
Kittiwake,England,Northumberland,89250,Farne Islands,Farne Islands SPA,NU23793786,,01/01/2004,31/12/2004,,,AON,,,,,5151,C,,
Kittiwake,England,Northumberland,89250,Farne Islands,Farne Islands SPA,NU23793786,,01/01/2005,31/12/2005,,,AON,,,,,5376,C,,
Kittiwake,England,Northumberland,89250,Farne Islands,Farne Islands SPA,NU23793786,,01/01/2010,31/12/2010,,1.2,AON,,,,,4768,C,,
Kittiwake,England,Northumberland,89250,Farne Islands,Farne Islands SPA,NU23793786,,01/06/2006,30/06/2006,,1.2,AON,,,,,262,C,,"No methods, dates or times provided."
Kittiwake,England,Northumberland,89250,Farne Islands,Farne Islands SPA,NU23793786,,01/06/2006,30/06/2006,,1.2,AON,,,,,207,C,,"No methods, dates or times provided."
Kittiwake,England,Northumberland,89250,Farne Islands,Farne Islands SPA,NU23793786,,01/06/2006,30/06/2006,,1.2,AON,,,,,1185,C,,"No methods, dates or times provided."
Kittiwake,England,Northumberland,89250,Farne Islands,Farne Islands SPA,NU23793786,,01/06/2006,30/06/2006,,1.2,AON,,,,,175,C,,"No methods, dates or times provided."
Kittiwake,England,Northumberland,89250,Farne Islands,Farne Islands SPA,NU23793786,,01/06/2006,30/06/2006,,1.2,AON,,,,,1168,C,,"No methods, dates or times provided."
Kittiwake,England,Northumberland,89250,Farne Islands,Farne Islands SPA,NU23793786,,01/01/2008,31/12/2008,,,AON,,,,,4275,C,,
Kittiwake,England,Northumberland,89250,Farne Islands,Farne Islands SPA,NU23793786,,01/01/2011,31/12/2011,,1.2,AON,,,,,3976,C,,
Kittiwake,England,Northumberland,89250,Farne Islands,Farne Islands SPA,NU23793786,,01/06/2017,21/06/2017,,1.2,AON,,,,,4753,C,,
Kittiwake,England,Northumberland,89250,Farne Islands,Farne Islands SPA,NU23793786,,01/06/2006,30/06/2006,,1.2,AON,,,,,1420,C,,"No methods, dates or times provided."
Kittiwake,England,Northumberland,89250,Farne Islands,Farne Islands SPA,NU23793786,,01/06/2006,30/06/2006,,1.2,AON,,,,,18,C,,"No methods, dates or times provided."
Kittiwake,England,Northumberland,89250,Farne Islands,Farne Islands SPA,NU23793786,,01/06/2006,30/06/2006,,1.2,AON,,,,,92,C,,"No methods, dates or times provided."
Kittiwake,England,Northumberland,89250,Farne Islands,Farne Islands SPA,NU23793786,,01/06/2006,30/06/2006,,1.2,AON,,,,,96,C,,"No methods, dates or times provided."
Kittiwake,England,Northumberland,89250,Farne Islands,Farne Islands SPA,NU23793786,,01/06/2006,30/06/2006,,1.2,AON,,,,,20,C,,"No methods, dates or times provided."
Kittiwake,England,Northumberland,89250,Farne Islands,Farne Islands SPA,NU23793786,,01/06/2006,30/06/2006,,1.2,AON,,,,,70,C,,"No methods, dates or times provided."
Kittiwake,England,Northumberland,89250,Farne Islands,Farne Islands SPA,NU23793786,,01/01/2012,31/12/2012,,1.2,AON,,,,,4241,C,,
Kittiwake,England,Northumberland,89250,Farne Islands,Farne Islands SPA,NU23793786,,01/01/1986,31/12/1986,,1.2,AON,,,,,4388,C,,
Kittiwake,England,Northumberland,89250,Farne Islands,Farne Islands SPA,NU23793786,,01/01/1988,31/12/1988,,,AON,,,,,5860,C,,
Kittiwake,England,Northumberland,89250,Farne Islands,Farne Islands SPA,NU23793786,,01/01/1990,31/12/1990,,,AON,,,,,6393,C,,
Kittiwake,England,Northumberland,89250,Farne Islands,Farne Islands SPA,NU23793786,,01/01/1992,31/12/1992,,,AON,,,,,6178,C,,
Kittiwake,England,Northumberland,89250,Farne Islands,Farne Islands SPA,NU23793786,,01/01/1994,31/12/1994,,,AON,,,,,5620,C,,
Kittiwake,England,Northumberland,89250,Farne Islands,Farne Islands SPA,NU23793786,,01/01/1996,31/12/1996,,,AON,,,,,6236,C,,
Kittiwake,England,Northumberland,89250,Farne Islands,Farne Islands SPA,NU23793786,,01/06/2016,18/06/2016,,1.2,AON,,,,,3527,C,,
Kittiwake,England,Northumberland,89250,Farne Islands,Farne Islands SPA,NU23793786,,01/06/2015,18/06/2015,,1.2,AON,,,,,3956,C,,
Kittiwake,England,Northumberland,89250,Farne Islands,Farne Islands SPA,NU23793786,,28/05/2014,18/06/2014,,,AON,,,,,4175,C,,
Kittiwake,England,Northumberland,89250,Farne Islands,Farne Islands SPA,NU23793786,,01/01/2007,31/12/2007,,,AON,,,,,4669,C,,
Kittiwake,England,Northumberland,89250,Farne Islands,Farne Islands SPA,NU23793786,,01/01/2009,12/10/2009,,,AON,,,,,3699,C,,
Kittiwake,England,Northumberland,89250,Farne Islands,Farne Islands SPA,NU23793786,,25/05/2013,30/06/2013,,1.2,AON,,,,,3443,C,,
Kittiwake,England,Northumberland,89250,Farne Islands,Farne Islands SPA,NU23793786,,01/06/2018,21/06/2018,,1.2,AON,,,,,3158,C,,
